{"cameraMode":{"drawMode":0,"name":"Shaded","section":"Shading Mode"},"sceneLighting":false,"audioPlay":false,"sceneViewState":{"showFog":true,"showMaterialUpdate":false,"showSkybox":false,"showFlares":true,"showImageEffects":true,"showParticleSystems":true},"in2DMode":false,"pivot":{"x":1.9059252738952637,"y":0.19965672492980958,"z":-1.2188897132873536},"rotation":{"x":-0.07721755653619766,"y":0.8664634823799133,"z":-0.14190630614757539,"w":-0.4730629026889801},"size":3.464104413986206,"orthographic":false}