{"cameraMode":{"drawMode":0,"name":"Shaded","section":"Shading Mode"},"sceneLighting":true,"audioPlay":false,"sceneViewState":{"showFog":false,"showMaterialUpdate":false,"showSkybox":false,"showFlares":false,"showImageEffects":false,"showParticleSystems":false},"in2DMode":false,"pivot":{"x":102.76947784423828,"y":-27.817819595336915,"z":-48.665313720703128},"rotation":{"x":0.05601726844906807,"y":0.8781173229217529,"z":-0.1060900092124939,"w":0.4640062749385834},"size":81.39410400390625,"orthographic":false}